{"cameraMode":{"drawMode":0,"name":"Shaded","section":"Shading Mode"},"sceneLighting":true,"audioPlay":false,"sceneViewState":{"showFog":true,"showMaterialUpdate":false,"showSkybox":true,"showFlares":true,"showImageEffects":true,"showParticleSystems":true,"showVisualEffectGraphs":true,"m_FxEnabled":true},"in2DMode":false,"pivot":{"x":113.8250732421875,"y":13.424660682678223,"z":77.75225830078125},"rotation":{"x":-0.01649840734899044,"y":0.002399406163021922,"z":-0.000009059152944246307,"w":-0.9998875260353088},"size":2.973130702972412,"orthographic":false}