{"cameraMode":{"drawMode":0,"name":"Shaded","section":"Shading Mode"},"sceneLighting":true,"audioPlay":false,"sceneViewState":{"showFog":true,"showMaterialUpdate":false,"showSkybox":true,"showFlares":true,"showImageEffects":true,"showParticleSystems":true,"showVisualEffectGraphs":true,"m_FxEnabled":true},"in2DMode":false,"pivot":{"x":81.47779083251953,"y":12.91052532196045,"z":68.40203094482422},"rotation":{"x":-0.15717926621437074,"y":0.008363666944205761,"z":-0.0022057644091546537,"w":-0.9877398610115051},"size":2.274090528488159,"orthographic":false}