{"cameraMode":{"drawMode":0,"name":"Shaded","section":"Shading Mode"},"sceneLighting":true,"audioPlay":false,"sceneViewState":{"showFog":true,"showMaterialUpdate":false,"showSkybox":true,"showFlares":true,"showImageEffects":true,"showParticleSystems":true,"showVisualEffectGraphs":true,"m_FxEnabled":true},"in2DMode":false,"pivot":{"x":120.26343536376953,"y":14.829423904418946,"z":55.493507385253909},"rotation":{"x":-0.014429540373384953,"y":-0.9855664372444153,"z":0.1173396036028862,"w":-0.12122879177331925},"size":7.518733024597168,"orthographic":false}