{"cameraMode":{"drawMode":0,"name":"Shaded","section":"Shading Mode"},"sceneLighting":false,"audioPlay":false,"sceneViewState":{"showFog":true,"showMaterialUpdate":false,"showSkybox":false,"showFlares":true,"showImageEffects":true,"showParticleSystems":true,"showVisualEffectGraphs":true,"m_FxEnabled":true},"in2DMode":false,"pivot":{"x":111.66084289550781,"y":10.912973403930664,"z":64.87913513183594},"rotation":{"x":0.24060578644275666,"y":-0.00873546302318573,"z":0.002165520563721657,"w":0.9705807566642761},"size":1.7209458351135255,"orthographic":false}