{"cameraMode":{"drawMode":0,"name":"Shaded","section":"Shading Mode"},"sceneLighting":false,"audioPlay":false,"sceneViewState":{"showFog":true,"showMaterialUpdate":false,"showSkybox":false,"showFlares":true,"showImageEffects":true,"showParticleSystems":true,"showVisualEffectGraphs":true,"m_FxEnabled":true},"in2DMode":false,"pivot":{"x":-1.2855180501937867,"y":0.25118207931518557,"z":1.5067949295043946},"rotation":{"x":0.0053571294993162159,"y":0.9541326761245728,"z":-0.01718253269791603,"w":0.29891905188560488},"size":0.4797675907611847,"orthographic":false}