{"cameraMode":{"drawMode":0,"name":"Shaded","section":"Shading Mode"},"sceneLighting":false,"audioPlay":false,"sceneViewState":{"showFog":true,"showMaterialUpdate":false,"showSkybox":false,"showFlares":true,"showImageEffects":true,"showParticleSystems":true,"showVisualEffectGraphs":true,"m_FxEnabled":true},"in2DMode":false,"pivot":{"x":76.84849548339844,"y":10.91297435760498,"z":92.15371704101563},"rotation":{"x":0.034908685833215716,"y":0.24336852133274079,"z":-0.008765062317252159,"w":0.9692671298980713},"size":1.7209458351135255,"orthographic":false}